/*
SQLyog Ultimate v12.4.3 (64 bit)
MySQL - 10.4.14-MariaDB : Database - db_paktikum_prognet
*********************************************************************
*/

/*!40101 SET NAMES utf8 */;

/*!40101 SET SQL_MODE=''*/;

/*!40014 SET @OLD_UNIQUE_CHECKS=@@UNIQUE_CHECKS, UNIQUE_CHECKS=0 */;
/*!40014 SET @OLD_FOREIGN_KEY_CHECKS=@@FOREIGN_KEY_CHECKS, FOREIGN_KEY_CHECKS=0 */;
/*!40101 SET @OLD_SQL_MODE=@@SQL_MODE, SQL_MODE='NO_AUTO_VALUE_ON_ZERO' */;
/*!40111 SET @OLD_SQL_NOTES=@@SQL_NOTES, SQL_NOTES=0 */;
CREATE DATABASE /*!32312 IF NOT EXISTS*/`db_paktikum_prognet` /*!40100 DEFAULT CHARACTER SET latin1 */;

USE `db_paktikum_prognet`;

/*Table structure for table `admin_notifications` */

DROP TABLE IF EXISTS `admin_notifications`;

CREATE TABLE `admin_notifications` (
  `id` char(36) COLLATE utf8mb4_unicode_ci NOT NULL,
  `type` varchar(191) COLLATE utf8mb4_unicode_ci NOT NULL,
  `notifiable_type` varchar(191) COLLATE utf8mb4_unicode_ci NOT NULL,
  `notifiable_id` int(10) unsigned NOT NULL,
  `data` text COLLATE utf8mb4_unicode_ci NOT NULL,
  `read_at` timestamp NULL DEFAULT NULL,
  `created_at` timestamp NULL DEFAULT NULL,
  `updated_at` timestamp NULL DEFAULT NULL,
  PRIMARY KEY (`id`),
  KEY `seller_notifications_notifiable_type_notifiable_id_index` (`notifiable_type`,`notifiable_id`),
  KEY `notifiable_id` (`notifiable_id`),
  CONSTRAINT `admin_notifications_ibfk_1` FOREIGN KEY (`notifiable_id`) REFERENCES `admins` (`id`)
) ENGINE=InnoDB DEFAULT CHARSET=utf8mb4 COLLATE=utf8mb4_unicode_ci;

/*Data for the table `admin_notifications` */

/*Table structure for table `admins` */

DROP TABLE IF EXISTS `admins`;

CREATE TABLE `admins` (
  `id` int(10) unsigned NOT NULL AUTO_INCREMENT,
  `email` varchar(191) COLLATE utf8mb4_unicode_ci DEFAULT NULL,
  `password` varchar(191) COLLATE utf8mb4_unicode_ci NOT NULL,
  `name` varchar(191) COLLATE utf8mb4_unicode_ci NOT NULL,
  `profile_image` varchar(191) COLLATE utf8mb4_unicode_ci DEFAULT 'null',
  `phone` varchar(12) COLLATE utf8mb4_unicode_ci DEFAULT NULL,
  `remember_token` varchar(100) COLLATE utf8mb4_unicode_ci DEFAULT NULL,
  `created_at` timestamp NULL DEFAULT NULL,
  `updated_at` timestamp NULL DEFAULT NULL,
  PRIMARY KEY (`id`),
  UNIQUE KEY `sellers_email_unique` (`phone`)
) ENGINE=InnoDB AUTO_INCREMENT=4 DEFAULT CHARSET=utf8mb4 COLLATE=utf8mb4_unicode_ci;

/*Data for the table `admins` */

insert  into `admins`(`id`,`email`,`password`,`name`,`profile_image`,`phone`,`remember_token`,`created_at`,`updated_at`) values 
(1,'admin@gmail.com','$2y$10$rE7ddqp9J4Qjr8dv7jhB0OEhtPINpB1O5c8SBP64ss24g5SH64eTm','admin','null',NULL,'ihvy6n3z2lvRqNDyQPnA9rqzVvfMKmeNuyNTcffzO0qQhQzs8P3p8EZIE34w','2021-05-24 18:51:30','2021-05-25 06:28:19'),
(2,'super@gmail.com','$2y$10$3zSLkNrfazfOt0RX.RAXd.kq81sXg8cbB/2ZsFZmrJ22/osN5AtgS','Super','null',NULL,NULL,'2021-05-24 19:35:56','2021-05-24 19:35:56'),
(3,'bagasgustama28@gmail.com','$2y$10$/QL1/XQo9iBpeIzOMZ5VXO0LtCxZEbNAWz6y7vvBCGt.KoRKhpCzy','Bagas Tama','null',NULL,NULL,'2021-05-25 06:31:27','2021-05-25 06:31:27');

/*Table structure for table `adminss` */

DROP TABLE IF EXISTS `adminss`;

CREATE TABLE `adminss` (
  `id` bigint(20) unsigned NOT NULL AUTO_INCREMENT,
  `name` varchar(255) COLLATE utf8mb4_unicode_ci NOT NULL,
  `email` varchar(255) COLLATE utf8mb4_unicode_ci NOT NULL,
  `email_verified_at` timestamp NULL DEFAULT NULL,
  `password` varchar(255) COLLATE utf8mb4_unicode_ci NOT NULL,
  `phone` varchar(255) COLLATE utf8mb4_unicode_ci NOT NULL,
  `remember_token` varchar(100) COLLATE utf8mb4_unicode_ci DEFAULT NULL,
  `created_at` timestamp NULL DEFAULT NULL,
  `updated_at` timestamp NULL DEFAULT NULL,
  PRIMARY KEY (`id`),
  UNIQUE KEY `adminss_email_unique` (`email`)
) ENGINE=InnoDB DEFAULT CHARSET=utf8mb4 COLLATE=utf8mb4_unicode_ci;

/*Data for the table `adminss` */

/*Table structure for table `carts` */

DROP TABLE IF EXISTS `carts`;

CREATE TABLE `carts` (
  `id` int(10) unsigned NOT NULL AUTO_INCREMENT,
  `user_id` int(10) unsigned NOT NULL,
  `product_id` int(10) unsigned NOT NULL,
  `qty` int(11) NOT NULL,
  `created_at` timestamp NULL DEFAULT NULL,
  `updated_at` timestamp NULL DEFAULT NULL,
  `status` enum('checkedout','notyet','cancelled') COLLATE utf8mb4_unicode_ci DEFAULT NULL,
  PRIMARY KEY (`id`),
  KEY `user_id` (`user_id`),
  KEY `product_id` (`product_id`),
  CONSTRAINT `carts_ibfk_1` FOREIGN KEY (`user_id`) REFERENCES `users` (`id`),
  CONSTRAINT `carts_ibfk_2` FOREIGN KEY (`product_id`) REFERENCES `products` (`id`)
) ENGINE=InnoDB AUTO_INCREMENT=42 DEFAULT CHARSET=utf8mb4 COLLATE=utf8mb4_unicode_ci;

/*Data for the table `carts` */

insert  into `carts`(`id`,`user_id`,`product_id`,`qty`,`created_at`,`updated_at`,`status`) values 
(1,1,1,1,'2021-05-27 19:46:45','2021-05-27 19:46:45','notyet'),
(2,1,2,1,'2021-05-27 19:47:24','2021-05-27 19:47:24','notyet'),
(3,1,3,1,'2021-05-27 20:11:14','2021-05-27 20:11:14','notyet'),
(7,2,4,1,'2021-05-28 05:53:59','2021-05-28 19:28:01','checkedout'),
(8,2,6,1,'2021-05-28 06:18:20','2021-05-28 19:28:01','checkedout'),
(9,2,1,1,'2021-05-28 07:12:39','2021-05-28 19:28:01','checkedout'),
(10,2,4,1,'2021-05-28 07:14:28','2021-05-28 19:28:01','checkedout'),
(11,2,6,1,'2021-05-28 07:48:00','2021-05-28 19:28:01','checkedout'),
(12,2,1,1,'2021-05-28 08:26:00','2021-05-28 19:28:01','checkedout'),
(14,2,1,1,'2021-05-28 08:57:02','2021-05-28 19:28:01','checkedout'),
(16,2,1,1,'2021-05-28 09:26:37','2021-05-28 19:28:01','checkedout'),
(17,2,4,1,'2021-05-28 09:45:10','2021-05-28 19:28:01','checkedout'),
(25,2,1,1,'2021-05-28 10:03:30','2021-05-28 19:28:01','checkedout'),
(26,2,1,1,'2021-05-28 10:04:24','2021-05-28 19:28:01','checkedout'),
(36,2,1,1,'2021-05-28 11:00:05','2021-05-28 19:28:01','checkedout'),
(37,2,1,1,'2021-05-28 11:00:13','2021-05-28 19:28:01','checkedout'),
(38,2,1,1,'2021-05-28 11:06:21','2021-05-28 19:28:01','checkedout'),
(39,2,1,1,'2021-05-28 19:11:53','2021-05-28 19:28:01','checkedout'),
(41,2,1,1,'2021-05-28 19:27:51','2021-05-28 19:28:01','checkedout');

/*Table structure for table `cities` */

DROP TABLE IF EXISTS `cities`;

CREATE TABLE `cities` (
  `id` bigint(20) unsigned NOT NULL AUTO_INCREMENT,
  `province_id` int(10) unsigned NOT NULL,
  `city_id` int(10) unsigned NOT NULL,
  `name` varchar(255) COLLATE utf8mb4_unicode_ci NOT NULL,
  `created_at` timestamp NULL DEFAULT NULL,
  `updated_at` timestamp NULL DEFAULT NULL,
  PRIMARY KEY (`id`)
) ENGINE=InnoDB AUTO_INCREMENT=502 DEFAULT CHARSET=utf8mb4 COLLATE=utf8mb4_unicode_ci;

/*Data for the table `cities` */

insert  into `cities`(`id`,`province_id`,`city_id`,`name`,`created_at`,`updated_at`) values 
(1,1,17,'Badung','2021-05-28 08:51:47','2021-05-28 08:51:47'),
(2,1,32,'Bangli','2021-05-28 08:51:47','2021-05-28 08:51:47'),
(3,1,94,'Buleleng','2021-05-28 08:51:47','2021-05-28 08:51:47'),
(4,1,114,'Denpasar','2021-05-28 08:51:47','2021-05-28 08:51:47'),
(5,1,128,'Gianyar','2021-05-28 08:51:47','2021-05-28 08:51:47'),
(6,1,161,'Jembrana','2021-05-28 08:51:47','2021-05-28 08:51:47'),
(7,1,170,'Karangasem','2021-05-28 08:51:47','2021-05-28 08:51:47'),
(8,1,197,'Klungkung','2021-05-28 08:51:47','2021-05-28 08:51:47'),
(9,1,447,'Tabanan','2021-05-28 08:51:47','2021-05-28 08:51:47'),
(10,2,27,'Bangka','2021-05-28 08:51:49','2021-05-28 08:51:49'),
(11,2,28,'Bangka Barat','2021-05-28 08:51:49','2021-05-28 08:51:49'),
(12,2,29,'Bangka Selatan','2021-05-28 08:51:49','2021-05-28 08:51:49'),
(13,2,30,'Bangka Tengah','2021-05-28 08:51:49','2021-05-28 08:51:49'),
(14,2,56,'Belitung','2021-05-28 08:51:49','2021-05-28 08:51:49'),
(15,2,57,'Belitung Timur','2021-05-28 08:51:49','2021-05-28 08:51:49'),
(16,2,334,'Pangkal Pinang','2021-05-28 08:51:49','2021-05-28 08:51:49'),
(17,3,106,'Cilegon','2021-05-28 08:51:50','2021-05-28 08:51:50'),
(18,3,232,'Lebak','2021-05-28 08:51:50','2021-05-28 08:51:50'),
(19,3,331,'Pandeglang','2021-05-28 08:51:50','2021-05-28 08:51:50'),
(20,3,402,'Serang','2021-05-28 08:51:50','2021-05-28 08:51:50'),
(21,3,403,'Serang','2021-05-28 08:51:50','2021-05-28 08:51:50'),
(22,3,455,'Tangerang','2021-05-28 08:51:50','2021-05-28 08:51:50'),
(23,3,456,'Tangerang','2021-05-28 08:51:50','2021-05-28 08:51:50'),
(24,3,457,'Tangerang Selatan','2021-05-28 08:51:50','2021-05-28 08:51:50'),
(25,4,62,'Bengkulu','2021-05-28 08:51:51','2021-05-28 08:51:51'),
(26,4,63,'Bengkulu Selatan','2021-05-28 08:51:51','2021-05-28 08:51:51'),
(27,4,64,'Bengkulu Tengah','2021-05-28 08:51:51','2021-05-28 08:51:51'),
(28,4,65,'Bengkulu Utara','2021-05-28 08:51:51','2021-05-28 08:51:51'),
(29,4,175,'Kaur','2021-05-28 08:51:51','2021-05-28 08:51:51'),
(30,4,183,'Kepahiang','2021-05-28 08:51:51','2021-05-28 08:51:51'),
(31,4,233,'Lebong','2021-05-28 08:51:51','2021-05-28 08:51:51'),
(32,4,294,'Muko Muko','2021-05-28 08:51:51','2021-05-28 08:51:51'),
(33,4,379,'Rejang Lebong','2021-05-28 08:51:51','2021-05-28 08:51:51'),
(34,4,397,'Seluma','2021-05-28 08:51:51','2021-05-28 08:51:51'),
(35,5,39,'Bantul','2021-05-28 08:51:53','2021-05-28 08:51:53'),
(36,5,135,'Gunung Kidul','2021-05-28 08:51:53','2021-05-28 08:51:53'),
(37,5,210,'Kulon Progo','2021-05-28 08:51:53','2021-05-28 08:51:53'),
(38,5,419,'Sleman','2021-05-28 08:51:53','2021-05-28 08:51:53'),
(39,5,501,'Yogyakarta','2021-05-28 08:51:53','2021-05-28 08:51:53'),
(40,6,151,'Jakarta Barat','2021-05-28 08:51:54','2021-05-28 08:51:54'),
(41,6,152,'Jakarta Pusat','2021-05-28 08:51:54','2021-05-28 08:51:54'),
(42,6,153,'Jakarta Selatan','2021-05-28 08:51:54','2021-05-28 08:51:54'),
(43,6,154,'Jakarta Timur','2021-05-28 08:51:54','2021-05-28 08:51:54'),
(44,6,155,'Jakarta Utara','2021-05-28 08:51:54','2021-05-28 08:51:54'),
(45,6,189,'Kepulauan Seribu','2021-05-28 08:51:54','2021-05-28 08:51:54'),
(46,7,77,'Boalemo','2021-05-28 08:51:55','2021-05-28 08:51:55'),
(47,7,88,'Bone Bolango','2021-05-28 08:51:55','2021-05-28 08:51:55'),
(48,7,129,'Gorontalo','2021-05-28 08:51:55','2021-05-28 08:51:55'),
(49,7,130,'Gorontalo','2021-05-28 08:51:55','2021-05-28 08:51:55'),
(50,7,131,'Gorontalo Utara','2021-05-28 08:51:55','2021-05-28 08:51:55'),
(51,7,361,'Pohuwato','2021-05-28 08:51:55','2021-05-28 08:51:55'),
(52,8,50,'Batang Hari','2021-05-28 08:51:56','2021-05-28 08:51:56'),
(53,8,97,'Bungo','2021-05-28 08:51:57','2021-05-28 08:51:57'),
(54,8,156,'Jambi','2021-05-28 08:51:57','2021-05-28 08:51:57'),
(55,8,194,'Kerinci','2021-05-28 08:51:57','2021-05-28 08:51:57'),
(56,8,280,'Merangin','2021-05-28 08:51:57','2021-05-28 08:51:57'),
(57,8,293,'Muaro Jambi','2021-05-28 08:51:57','2021-05-28 08:51:57'),
(58,8,393,'Sarolangun','2021-05-28 08:51:57','2021-05-28 08:51:57'),
(59,8,442,'Sungaipenuh','2021-05-28 08:51:57','2021-05-28 08:51:57'),
(60,8,460,'Tanjung Jabung Barat','2021-05-28 08:51:57','2021-05-28 08:51:57'),
(61,8,461,'Tanjung Jabung Timur','2021-05-28 08:51:57','2021-05-28 08:51:57'),
(62,8,471,'Tebo','2021-05-28 08:51:57','2021-05-28 08:51:57'),
(63,9,22,'Bandung','2021-05-28 08:51:58','2021-05-28 08:51:58'),
(64,9,23,'Bandung','2021-05-28 08:51:58','2021-05-28 08:51:58'),
(65,9,24,'Bandung Barat','2021-05-28 08:51:58','2021-05-28 08:51:58'),
(66,9,34,'Banjar','2021-05-28 08:51:58','2021-05-28 08:51:58'),
(67,9,54,'Bekasi','2021-05-28 08:51:58','2021-05-28 08:51:58'),
(68,9,55,'Bekasi','2021-05-28 08:51:58','2021-05-28 08:51:58'),
(69,9,78,'Bogor','2021-05-28 08:51:58','2021-05-28 08:51:58'),
(70,9,79,'Bogor','2021-05-28 08:51:58','2021-05-28 08:51:58'),
(71,9,103,'Ciamis','2021-05-28 08:51:58','2021-05-28 08:51:58'),
(72,9,104,'Cianjur','2021-05-28 08:51:58','2021-05-28 08:51:58'),
(73,9,107,'Cimahi','2021-05-28 08:51:58','2021-05-28 08:51:58'),
(74,9,108,'Cirebon','2021-05-28 08:51:58','2021-05-28 08:51:58'),
(75,9,109,'Cirebon','2021-05-28 08:51:58','2021-05-28 08:51:58'),
(76,9,115,'Depok','2021-05-28 08:51:58','2021-05-28 08:51:58'),
(77,9,126,'Garut','2021-05-28 08:51:58','2021-05-28 08:51:58'),
(78,9,149,'Indramayu','2021-05-28 08:51:58','2021-05-28 08:51:58'),
(79,9,171,'Karawang','2021-05-28 08:51:58','2021-05-28 08:51:58'),
(80,9,211,'Kuningan','2021-05-28 08:51:58','2021-05-28 08:51:58'),
(81,9,252,'Majalengka','2021-05-28 08:51:58','2021-05-28 08:51:58'),
(82,9,332,'Pangandaran','2021-05-28 08:51:58','2021-05-28 08:51:58'),
(83,9,376,'Purwakarta','2021-05-28 08:51:58','2021-05-28 08:51:58'),
(84,9,428,'Subang','2021-05-28 08:51:58','2021-05-28 08:51:58'),
(85,9,430,'Sukabumi','2021-05-28 08:51:58','2021-05-28 08:51:58'),
(86,9,431,'Sukabumi','2021-05-28 08:51:58','2021-05-28 08:51:58'),
(87,9,440,'Sumedang','2021-05-28 08:51:58','2021-05-28 08:51:58'),
(88,9,468,'Tasikmalaya','2021-05-28 08:51:58','2021-05-28 08:51:58'),
(89,9,469,'Tasikmalaya','2021-05-28 08:51:58','2021-05-28 08:51:58'),
(90,10,37,'Banjarnegara','2021-05-28 08:51:59','2021-05-28 08:51:59'),
(91,10,41,'Banyumas','2021-05-28 08:51:59','2021-05-28 08:51:59'),
(92,10,49,'Batang','2021-05-28 08:51:59','2021-05-28 08:51:59'),
(93,10,76,'Blora','2021-05-28 08:51:59','2021-05-28 08:51:59'),
(94,10,91,'Boyolali','2021-05-28 08:51:59','2021-05-28 08:51:59'),
(95,10,92,'Brebes','2021-05-28 08:51:59','2021-05-28 08:51:59'),
(96,10,105,'Cilacap','2021-05-28 08:51:59','2021-05-28 08:51:59'),
(97,10,113,'Demak','2021-05-28 08:51:59','2021-05-28 08:51:59'),
(98,10,134,'Grobogan','2021-05-28 08:51:59','2021-05-28 08:51:59'),
(99,10,163,'Jepara','2021-05-28 08:51:59','2021-05-28 08:51:59'),
(100,10,169,'Karanganyar','2021-05-28 08:51:59','2021-05-28 08:51:59'),
(101,10,177,'Kebumen','2021-05-28 08:51:59','2021-05-28 08:51:59'),
(102,10,181,'Kendal','2021-05-28 08:51:59','2021-05-28 08:51:59'),
(103,10,196,'Klaten','2021-05-28 08:51:59','2021-05-28 08:51:59'),
(104,10,209,'Kudus','2021-05-28 08:51:59','2021-05-28 08:51:59'),
(105,10,249,'Magelang','2021-05-28 08:51:59','2021-05-28 08:51:59'),
(106,10,250,'Magelang','2021-05-28 08:51:59','2021-05-28 08:51:59'),
(107,10,344,'Pati','2021-05-28 08:51:59','2021-05-28 08:51:59'),
(108,10,348,'Pekalongan','2021-05-28 08:51:59','2021-05-28 08:51:59'),
(109,10,349,'Pekalongan','2021-05-28 08:51:59','2021-05-28 08:51:59'),
(110,10,352,'Pemalang','2021-05-28 08:51:59','2021-05-28 08:51:59'),
(111,10,375,'Purbalingga','2021-05-28 08:51:59','2021-05-28 08:51:59'),
(112,10,377,'Purworejo','2021-05-28 08:51:59','2021-05-28 08:51:59'),
(113,10,380,'Rembang','2021-05-28 08:51:59','2021-05-28 08:51:59'),
(114,10,386,'Salatiga','2021-05-28 08:51:59','2021-05-28 08:51:59'),
(115,10,398,'Semarang','2021-05-28 08:51:59','2021-05-28 08:51:59'),
(116,10,399,'Semarang','2021-05-28 08:51:59','2021-05-28 08:51:59'),
(117,10,427,'Sragen','2021-05-28 08:51:59','2021-05-28 08:51:59'),
(118,10,433,'Sukoharjo','2021-05-28 08:51:59','2021-05-28 08:51:59'),
(119,10,445,'Surakarta (Solo)','2021-05-28 08:51:59','2021-05-28 08:51:59'),
(120,10,472,'Tegal','2021-05-28 08:51:59','2021-05-28 08:51:59'),
(121,10,473,'Tegal','2021-05-28 08:51:59','2021-05-28 08:51:59'),
(122,10,476,'Temanggung','2021-05-28 08:51:59','2021-05-28 08:51:59'),
(123,10,497,'Wonogiri','2021-05-28 08:51:59','2021-05-28 08:51:59'),
(124,10,498,'Wonosobo','2021-05-28 08:51:59','2021-05-28 08:51:59'),
(125,11,31,'Bangkalan','2021-05-28 08:52:01','2021-05-28 08:52:01'),
(126,11,42,'Banyuwangi','2021-05-28 08:52:01','2021-05-28 08:52:01'),
(127,11,51,'Batu','2021-05-28 08:52:01','2021-05-28 08:52:01'),
(128,11,74,'Blitar','2021-05-28 08:52:01','2021-05-28 08:52:01'),
(129,11,75,'Blitar','2021-05-28 08:52:01','2021-05-28 08:52:01'),
(130,11,80,'Bojonegoro','2021-05-28 08:52:01','2021-05-28 08:52:01'),
(131,11,86,'Bondowoso','2021-05-28 08:52:01','2021-05-28 08:52:01'),
(132,11,133,'Gresik','2021-05-28 08:52:01','2021-05-28 08:52:01'),
(133,11,160,'Jember','2021-05-28 08:52:01','2021-05-28 08:52:01'),
(134,11,164,'Jombang','2021-05-28 08:52:01','2021-05-28 08:52:01'),
(135,11,178,'Kediri','2021-05-28 08:52:01','2021-05-28 08:52:01'),
(136,11,179,'Kediri','2021-05-28 08:52:01','2021-05-28 08:52:01'),
(137,11,222,'Lamongan','2021-05-28 08:52:01','2021-05-28 08:52:01'),
(138,11,243,'Lumajang','2021-05-28 08:52:01','2021-05-28 08:52:01'),
(139,11,247,'Madiun','2021-05-28 08:52:01','2021-05-28 08:52:01'),
(140,11,248,'Madiun','2021-05-28 08:52:01','2021-05-28 08:52:01'),
(141,11,251,'Magetan','2021-05-28 08:52:01','2021-05-28 08:52:01'),
(142,11,255,'Malang','2021-05-28 08:52:01','2021-05-28 08:52:01'),
(143,11,256,'Malang','2021-05-28 08:52:01','2021-05-28 08:52:01'),
(144,11,289,'Mojokerto','2021-05-28 08:52:01','2021-05-28 08:52:01'),
(145,11,290,'Mojokerto','2021-05-28 08:52:01','2021-05-28 08:52:01'),
(146,11,305,'Nganjuk','2021-05-28 08:52:01','2021-05-28 08:52:01'),
(147,11,306,'Ngawi','2021-05-28 08:52:01','2021-05-28 08:52:01'),
(148,11,317,'Pacitan','2021-05-28 08:52:01','2021-05-28 08:52:01'),
(149,11,330,'Pamekasan','2021-05-28 08:52:01','2021-05-28 08:52:01'),
(150,11,342,'Pasuruan','2021-05-28 08:52:01','2021-05-28 08:52:01'),
(151,11,343,'Pasuruan','2021-05-28 08:52:01','2021-05-28 08:52:01'),
(152,11,363,'Ponorogo','2021-05-28 08:52:01','2021-05-28 08:52:01'),
(153,11,369,'Probolinggo','2021-05-28 08:52:01','2021-05-28 08:52:01'),
(154,11,370,'Probolinggo','2021-05-28 08:52:01','2021-05-28 08:52:01'),
(155,11,390,'Sampang','2021-05-28 08:52:01','2021-05-28 08:52:01'),
(156,11,409,'Sidoarjo','2021-05-28 08:52:01','2021-05-28 08:52:01'),
(157,11,418,'Situbondo','2021-05-28 08:52:01','2021-05-28 08:52:01'),
(158,11,441,'Sumenep','2021-05-28 08:52:01','2021-05-28 08:52:01'),
(159,11,444,'Surabaya','2021-05-28 08:52:01','2021-05-28 08:52:01'),
(160,11,487,'Trenggalek','2021-05-28 08:52:01','2021-05-28 08:52:01'),
(161,11,489,'Tuban','2021-05-28 08:52:01','2021-05-28 08:52:01'),
(162,11,492,'Tulungagung','2021-05-28 08:52:01','2021-05-28 08:52:01'),
(163,12,61,'Bengkayang','2021-05-28 08:52:02','2021-05-28 08:52:02'),
(164,12,168,'Kapuas Hulu','2021-05-28 08:52:02','2021-05-28 08:52:02'),
(165,12,176,'Kayong Utara','2021-05-28 08:52:02','2021-05-28 08:52:02'),
(166,12,195,'Ketapang','2021-05-28 08:52:02','2021-05-28 08:52:02'),
(167,12,208,'Kubu Raya','2021-05-28 08:52:02','2021-05-28 08:52:02'),
(168,12,228,'Landak','2021-05-28 08:52:02','2021-05-28 08:52:02'),
(169,12,279,'Melawi','2021-05-28 08:52:02','2021-05-28 08:52:02'),
(170,12,364,'Pontianak','2021-05-28 08:52:02','2021-05-28 08:52:02'),
(171,12,365,'Pontianak','2021-05-28 08:52:02','2021-05-28 08:52:02'),
(172,12,388,'Sambas','2021-05-28 08:52:02','2021-05-28 08:52:02'),
(173,12,391,'Sanggau','2021-05-28 08:52:02','2021-05-28 08:52:02'),
(174,12,395,'Sekadau','2021-05-28 08:52:02','2021-05-28 08:52:02'),
(175,12,415,'Singkawang','2021-05-28 08:52:02','2021-05-28 08:52:02'),
(176,12,417,'Sintang','2021-05-28 08:52:02','2021-05-28 08:52:02'),
(177,13,18,'Balangan','2021-05-28 08:52:03','2021-05-28 08:52:03'),
(178,13,33,'Banjar','2021-05-28 08:52:03','2021-05-28 08:52:03'),
(179,13,35,'Banjarbaru','2021-05-28 08:52:03','2021-05-28 08:52:03'),
(180,13,36,'Banjarmasin','2021-05-28 08:52:03','2021-05-28 08:52:03'),
(181,13,43,'Barito Kuala','2021-05-28 08:52:03','2021-05-28 08:52:03'),
(182,13,143,'Hulu Sungai Selatan','2021-05-28 08:52:03','2021-05-28 08:52:03'),
(183,13,144,'Hulu Sungai Tengah','2021-05-28 08:52:03','2021-05-28 08:52:03'),
(184,13,145,'Hulu Sungai Utara','2021-05-28 08:52:03','2021-05-28 08:52:03'),
(185,13,203,'Kotabaru','2021-05-28 08:52:03','2021-05-28 08:52:03'),
(186,13,446,'Tabalong','2021-05-28 08:52:03','2021-05-28 08:52:03'),
(187,13,452,'Tanah Bumbu','2021-05-28 08:52:03','2021-05-28 08:52:03'),
(188,13,454,'Tanah Laut','2021-05-28 08:52:03','2021-05-28 08:52:03'),
(189,13,466,'Tapin','2021-05-28 08:52:03','2021-05-28 08:52:03'),
(190,14,44,'Barito Selatan','2021-05-28 08:52:04','2021-05-28 08:52:04'),
(191,14,45,'Barito Timur','2021-05-28 08:52:04','2021-05-28 08:52:04'),
(192,14,46,'Barito Utara','2021-05-28 08:52:04','2021-05-28 08:52:04'),
(193,14,136,'Gunung Mas','2021-05-28 08:52:04','2021-05-28 08:52:04'),
(194,14,167,'Kapuas','2021-05-28 08:52:04','2021-05-28 08:52:04'),
(195,14,174,'Katingan','2021-05-28 08:52:04','2021-05-28 08:52:04'),
(196,14,205,'Kotawaringin Barat','2021-05-28 08:52:04','2021-05-28 08:52:04'),
(197,14,206,'Kotawaringin Timur','2021-05-28 08:52:04','2021-05-28 08:52:04'),
(198,14,221,'Lamandau','2021-05-28 08:52:04','2021-05-28 08:52:04'),
(199,14,296,'Murung Raya','2021-05-28 08:52:04','2021-05-28 08:52:04'),
(200,14,326,'Palangka Raya','2021-05-28 08:52:04','2021-05-28 08:52:04'),
(201,14,371,'Pulang Pisau','2021-05-28 08:52:04','2021-05-28 08:52:04'),
(202,14,405,'Seruyan','2021-05-28 08:52:04','2021-05-28 08:52:04'),
(203,14,432,'Sukamara','2021-05-28 08:52:04','2021-05-28 08:52:04'),
(204,15,19,'Balikpapan','2021-05-28 08:52:06','2021-05-28 08:52:06'),
(205,15,66,'Berau','2021-05-28 08:52:06','2021-05-28 08:52:06'),
(206,15,89,'Bontang','2021-05-28 08:52:06','2021-05-28 08:52:06'),
(207,15,214,'Kutai Barat','2021-05-28 08:52:06','2021-05-28 08:52:06'),
(208,15,215,'Kutai Kartanegara','2021-05-28 08:52:06','2021-05-28 08:52:06'),
(209,15,216,'Kutai Timur','2021-05-28 08:52:06','2021-05-28 08:52:06'),
(210,15,341,'Paser','2021-05-28 08:52:06','2021-05-28 08:52:06'),
(211,15,354,'Penajam Paser Utara','2021-05-28 08:52:06','2021-05-28 08:52:06'),
(212,15,387,'Samarinda','2021-05-28 08:52:06','2021-05-28 08:52:06'),
(213,16,96,'Bulungan (Bulongan)','2021-05-28 08:52:07','2021-05-28 08:52:07'),
(214,16,257,'Malinau','2021-05-28 08:52:07','2021-05-28 08:52:07'),
(215,16,311,'Nunukan','2021-05-28 08:52:07','2021-05-28 08:52:07'),
(216,16,450,'Tana Tidung','2021-05-28 08:52:07','2021-05-28 08:52:07'),
(217,16,467,'Tarakan','2021-05-28 08:52:07','2021-05-28 08:52:07'),
(218,17,48,'Batam','2021-05-28 08:52:08','2021-05-28 08:52:08'),
(219,17,71,'Bintan','2021-05-28 08:52:08','2021-05-28 08:52:08'),
(220,17,172,'Karimun','2021-05-28 08:52:08','2021-05-28 08:52:08'),
(221,17,184,'Kepulauan Anambas','2021-05-28 08:52:08','2021-05-28 08:52:08'),
(222,17,237,'Lingga','2021-05-28 08:52:08','2021-05-28 08:52:08'),
(223,17,302,'Natuna','2021-05-28 08:52:08','2021-05-28 08:52:08'),
(224,17,462,'Tanjung Pinang','2021-05-28 08:52:08','2021-05-28 08:52:08'),
(225,18,21,'Bandar Lampung','2021-05-28 08:52:10','2021-05-28 08:52:10'),
(226,18,223,'Lampung Barat','2021-05-28 08:52:10','2021-05-28 08:52:10'),
(227,18,224,'Lampung Selatan','2021-05-28 08:52:10','2021-05-28 08:52:10'),
(228,18,225,'Lampung Tengah','2021-05-28 08:52:10','2021-05-28 08:52:10'),
(229,18,226,'Lampung Timur','2021-05-28 08:52:10','2021-05-28 08:52:10'),
(230,18,227,'Lampung Utara','2021-05-28 08:52:10','2021-05-28 08:52:10'),
(231,18,282,'Mesuji','2021-05-28 08:52:10','2021-05-28 08:52:10'),
(232,18,283,'Metro','2021-05-28 08:52:10','2021-05-28 08:52:10'),
(233,18,355,'Pesawaran','2021-05-28 08:52:10','2021-05-28 08:52:10'),
(234,18,356,'Pesisir Barat','2021-05-28 08:52:10','2021-05-28 08:52:10'),
(235,18,368,'Pringsewu','2021-05-28 08:52:10','2021-05-28 08:52:10'),
(236,18,458,'Tanggamus','2021-05-28 08:52:10','2021-05-28 08:52:10'),
(237,18,490,'Tulang Bawang','2021-05-28 08:52:10','2021-05-28 08:52:10'),
(238,18,491,'Tulang Bawang Barat','2021-05-28 08:52:10','2021-05-28 08:52:10'),
(239,18,496,'Way Kanan','2021-05-28 08:52:10','2021-05-28 08:52:10'),
(240,19,14,'Ambon','2021-05-28 08:52:11','2021-05-28 08:52:11'),
(241,19,99,'Buru','2021-05-28 08:52:11','2021-05-28 08:52:11'),
(242,19,100,'Buru Selatan','2021-05-28 08:52:11','2021-05-28 08:52:11'),
(243,19,185,'Kepulauan Aru','2021-05-28 08:52:11','2021-05-28 08:52:11'),
(244,19,258,'Maluku Barat Daya','2021-05-28 08:52:11','2021-05-28 08:52:11'),
(245,19,259,'Maluku Tengah','2021-05-28 08:52:11','2021-05-28 08:52:11'),
(246,19,260,'Maluku Tenggara','2021-05-28 08:52:11','2021-05-28 08:52:11'),
(247,19,261,'Maluku Tenggara Barat','2021-05-28 08:52:11','2021-05-28 08:52:11'),
(248,19,400,'Seram Bagian Barat','2021-05-28 08:52:11','2021-05-28 08:52:11'),
(249,19,401,'Seram Bagian Timur','2021-05-28 08:52:11','2021-05-28 08:52:11'),
(250,19,488,'Tual','2021-05-28 08:52:11','2021-05-28 08:52:11'),
(251,20,138,'Halmahera Barat','2021-05-28 08:52:12','2021-05-28 08:52:12'),
(252,20,139,'Halmahera Selatan','2021-05-28 08:52:12','2021-05-28 08:52:12'),
(253,20,140,'Halmahera Tengah','2021-05-28 08:52:12','2021-05-28 08:52:12'),
(254,20,141,'Halmahera Timur','2021-05-28 08:52:12','2021-05-28 08:52:12'),
(255,20,142,'Halmahera Utara','2021-05-28 08:52:12','2021-05-28 08:52:12'),
(256,20,191,'Kepulauan Sula','2021-05-28 08:52:12','2021-05-28 08:52:12'),
(257,20,372,'Pulau Morotai','2021-05-28 08:52:12','2021-05-28 08:52:12'),
(258,20,477,'Ternate','2021-05-28 08:52:12','2021-05-28 08:52:12'),
(259,20,478,'Tidore Kepulauan','2021-05-28 08:52:12','2021-05-28 08:52:12'),
(260,21,1,'Aceh Barat','2021-05-28 08:52:13','2021-05-28 08:52:13'),
(261,21,2,'Aceh Barat Daya','2021-05-28 08:52:13','2021-05-28 08:52:13'),
(262,21,3,'Aceh Besar','2021-05-28 08:52:13','2021-05-28 08:52:13'),
(263,21,4,'Aceh Jaya','2021-05-28 08:52:13','2021-05-28 08:52:13'),
(264,21,5,'Aceh Selatan','2021-05-28 08:52:13','2021-05-28 08:52:13'),
(265,21,6,'Aceh Singkil','2021-05-28 08:52:13','2021-05-28 08:52:13'),
(266,21,7,'Aceh Tamiang','2021-05-28 08:52:13','2021-05-28 08:52:13'),
(267,21,8,'Aceh Tengah','2021-05-28 08:52:13','2021-05-28 08:52:13'),
(268,21,9,'Aceh Tenggara','2021-05-28 08:52:13','2021-05-28 08:52:13'),
(269,21,10,'Aceh Timur','2021-05-28 08:52:13','2021-05-28 08:52:13'),
(270,21,11,'Aceh Utara','2021-05-28 08:52:13','2021-05-28 08:52:13'),
(271,21,20,'Banda Aceh','2021-05-28 08:52:13','2021-05-28 08:52:13'),
(272,21,59,'Bener Meriah','2021-05-28 08:52:13','2021-05-28 08:52:13'),
(273,21,72,'Bireuen','2021-05-28 08:52:13','2021-05-28 08:52:13'),
(274,21,127,'Gayo Lues','2021-05-28 08:52:13','2021-05-28 08:52:13'),
(275,21,230,'Langsa','2021-05-28 08:52:13','2021-05-28 08:52:13'),
(276,21,235,'Lhokseumawe','2021-05-28 08:52:13','2021-05-28 08:52:13'),
(277,21,300,'Nagan Raya','2021-05-28 08:52:13','2021-05-28 08:52:13'),
(278,21,358,'Pidie','2021-05-28 08:52:13','2021-05-28 08:52:13'),
(279,21,359,'Pidie Jaya','2021-05-28 08:52:13','2021-05-28 08:52:13'),
(280,21,384,'Sabang','2021-05-28 08:52:13','2021-05-28 08:52:13'),
(281,21,414,'Simeulue','2021-05-28 08:52:13','2021-05-28 08:52:13'),
(282,21,429,'Subulussalam','2021-05-28 08:52:13','2021-05-28 08:52:13'),
(283,22,68,'Bima','2021-05-28 08:52:15','2021-05-28 08:52:15'),
(284,22,69,'Bima','2021-05-28 08:52:15','2021-05-28 08:52:15'),
(285,22,118,'Dompu','2021-05-28 08:52:15','2021-05-28 08:52:15'),
(286,22,238,'Lombok Barat','2021-05-28 08:52:15','2021-05-28 08:52:15'),
(287,22,239,'Lombok Tengah','2021-05-28 08:52:15','2021-05-28 08:52:15'),
(288,22,240,'Lombok Timur','2021-05-28 08:52:15','2021-05-28 08:52:15'),
(289,22,241,'Lombok Utara','2021-05-28 08:52:15','2021-05-28 08:52:15'),
(290,22,276,'Mataram','2021-05-28 08:52:15','2021-05-28 08:52:15'),
(291,22,438,'Sumbawa','2021-05-28 08:52:15','2021-05-28 08:52:15'),
(292,22,439,'Sumbawa Barat','2021-05-28 08:52:15','2021-05-28 08:52:15'),
(293,23,13,'Alor','2021-05-28 08:52:16','2021-05-28 08:52:16'),
(294,23,58,'Belu','2021-05-28 08:52:16','2021-05-28 08:52:16'),
(295,23,122,'Ende','2021-05-28 08:52:16','2021-05-28 08:52:16'),
(296,23,125,'Flores Timur','2021-05-28 08:52:16','2021-05-28 08:52:16'),
(297,23,212,'Kupang','2021-05-28 08:52:16','2021-05-28 08:52:16'),
(298,23,213,'Kupang','2021-05-28 08:52:16','2021-05-28 08:52:16'),
(299,23,234,'Lembata','2021-05-28 08:52:16','2021-05-28 08:52:16'),
(300,23,269,'Manggarai','2021-05-28 08:52:16','2021-05-28 08:52:16'),
(301,23,270,'Manggarai Barat','2021-05-28 08:52:16','2021-05-28 08:52:16'),
(302,23,271,'Manggarai Timur','2021-05-28 08:52:16','2021-05-28 08:52:16'),
(303,23,301,'Nagekeo','2021-05-28 08:52:16','2021-05-28 08:52:16'),
(304,23,304,'Ngada','2021-05-28 08:52:16','2021-05-28 08:52:16'),
(305,23,383,'Rote Ndao','2021-05-28 08:52:16','2021-05-28 08:52:16'),
(306,23,385,'Sabu Raijua','2021-05-28 08:52:16','2021-05-28 08:52:16'),
(307,23,412,'Sikka','2021-05-28 08:52:16','2021-05-28 08:52:16'),
(308,23,434,'Sumba Barat','2021-05-28 08:52:16','2021-05-28 08:52:16'),
(309,23,435,'Sumba Barat Daya','2021-05-28 08:52:16','2021-05-28 08:52:16'),
(310,23,436,'Sumba Tengah','2021-05-28 08:52:16','2021-05-28 08:52:16'),
(311,23,437,'Sumba Timur','2021-05-28 08:52:16','2021-05-28 08:52:16'),
(312,23,479,'Timor Tengah Selatan','2021-05-28 08:52:16','2021-05-28 08:52:16'),
(313,23,480,'Timor Tengah Utara','2021-05-28 08:52:16','2021-05-28 08:52:16'),
(314,24,16,'Asmat','2021-05-28 08:52:17','2021-05-28 08:52:17'),
(315,24,67,'Biak Numfor','2021-05-28 08:52:18','2021-05-28 08:52:18'),
(316,24,90,'Boven Digoel','2021-05-28 08:52:18','2021-05-28 08:52:18'),
(317,24,111,'Deiyai (Deliyai)','2021-05-28 08:52:18','2021-05-28 08:52:18'),
(318,24,117,'Dogiyai','2021-05-28 08:52:18','2021-05-28 08:52:18'),
(319,24,150,'Intan Jaya','2021-05-28 08:52:18','2021-05-28 08:52:18'),
(320,24,157,'Jayapura','2021-05-28 08:52:18','2021-05-28 08:52:18'),
(321,24,158,'Jayapura','2021-05-28 08:52:18','2021-05-28 08:52:18'),
(322,24,159,'Jayawijaya','2021-05-28 08:52:18','2021-05-28 08:52:18'),
(323,24,180,'Keerom','2021-05-28 08:52:18','2021-05-28 08:52:18'),
(324,24,193,'Kepulauan Yapen (Yapen Waropen)','2021-05-28 08:52:18','2021-05-28 08:52:18'),
(325,24,231,'Lanny Jaya','2021-05-28 08:52:18','2021-05-28 08:52:18'),
(326,24,263,'Mamberamo Raya','2021-05-28 08:52:18','2021-05-28 08:52:18'),
(327,24,264,'Mamberamo Tengah','2021-05-28 08:52:18','2021-05-28 08:52:18'),
(328,24,274,'Mappi','2021-05-28 08:52:18','2021-05-28 08:52:18'),
(329,24,281,'Merauke','2021-05-28 08:52:18','2021-05-28 08:52:18'),
(330,24,284,'Mimika','2021-05-28 08:52:18','2021-05-28 08:52:18'),
(331,24,299,'Nabire','2021-05-28 08:52:18','2021-05-28 08:52:18'),
(332,24,303,'Nduga','2021-05-28 08:52:18','2021-05-28 08:52:18'),
(333,24,335,'Paniai','2021-05-28 08:52:18','2021-05-28 08:52:18'),
(334,24,347,'Pegunungan Bintang','2021-05-28 08:52:18','2021-05-28 08:52:18'),
(335,24,373,'Puncak','2021-05-28 08:52:18','2021-05-28 08:52:18'),
(336,24,374,'Puncak Jaya','2021-05-28 08:52:18','2021-05-28 08:52:18'),
(337,24,392,'Sarmi','2021-05-28 08:52:18','2021-05-28 08:52:18'),
(338,24,443,'Supiori','2021-05-28 08:52:18','2021-05-28 08:52:18'),
(339,24,484,'Tolikara','2021-05-28 08:52:18','2021-05-28 08:52:18'),
(340,24,495,'Waropen','2021-05-28 08:52:18','2021-05-28 08:52:18'),
(341,24,499,'Yahukimo','2021-05-28 08:52:18','2021-05-28 08:52:18'),
(342,24,500,'Yalimo','2021-05-28 08:52:18','2021-05-28 08:52:18'),
(343,25,124,'Fakfak','2021-05-28 08:52:19','2021-05-28 08:52:19'),
(344,25,165,'Kaimana','2021-05-28 08:52:19','2021-05-28 08:52:19'),
(345,25,272,'Manokwari','2021-05-28 08:52:19','2021-05-28 08:52:19'),
(346,25,273,'Manokwari Selatan','2021-05-28 08:52:19','2021-05-28 08:52:19'),
(347,25,277,'Maybrat','2021-05-28 08:52:19','2021-05-28 08:52:19'),
(348,25,346,'Pegunungan Arfak','2021-05-28 08:52:19','2021-05-28 08:52:19'),
(349,25,378,'Raja Ampat','2021-05-28 08:52:19','2021-05-28 08:52:19'),
(350,25,424,'Sorong','2021-05-28 08:52:19','2021-05-28 08:52:19'),
(351,25,425,'Sorong','2021-05-28 08:52:19','2021-05-28 08:52:19'),
(352,25,426,'Sorong Selatan','2021-05-28 08:52:19','2021-05-28 08:52:19'),
(353,25,449,'Tambrauw','2021-05-28 08:52:19','2021-05-28 08:52:19'),
(354,25,474,'Teluk Bintuni','2021-05-28 08:52:19','2021-05-28 08:52:19'),
(355,25,475,'Teluk Wondama','2021-05-28 08:52:19','2021-05-28 08:52:19'),
(356,26,60,'Bengkalis','2021-05-28 08:52:20','2021-05-28 08:52:20'),
(357,26,120,'Dumai','2021-05-28 08:52:20','2021-05-28 08:52:20'),
(358,26,147,'Indragiri Hilir','2021-05-28 08:52:20','2021-05-28 08:52:20'),
(359,26,148,'Indragiri Hulu','2021-05-28 08:52:20','2021-05-28 08:52:20'),
(360,26,166,'Kampar','2021-05-28 08:52:20','2021-05-28 08:52:20'),
(361,26,187,'Kepulauan Meranti','2021-05-28 08:52:20','2021-05-28 08:52:20'),
(362,26,207,'Kuantan Singingi','2021-05-28 08:52:20','2021-05-28 08:52:20'),
(363,26,350,'Pekanbaru','2021-05-28 08:52:20','2021-05-28 08:52:20'),
(364,26,351,'Pelalawan','2021-05-28 08:52:20','2021-05-28 08:52:20'),
(365,26,381,'Rokan Hilir','2021-05-28 08:52:20','2021-05-28 08:52:20'),
(366,26,382,'Rokan Hulu','2021-05-28 08:52:20','2021-05-28 08:52:20'),
(367,26,406,'Siak','2021-05-28 08:52:20','2021-05-28 08:52:20'),
(368,27,253,'Majene','2021-05-28 08:52:21','2021-05-28 08:52:21'),
(369,27,262,'Mamasa','2021-05-28 08:52:21','2021-05-28 08:52:21'),
(370,27,265,'Mamuju','2021-05-28 08:52:21','2021-05-28 08:52:21'),
(371,27,266,'Mamuju Utara','2021-05-28 08:52:21','2021-05-28 08:52:21'),
(372,27,362,'Polewali Mandar','2021-05-28 08:52:21','2021-05-28 08:52:21'),
(373,28,38,'Bantaeng','2021-05-28 08:52:23','2021-05-28 08:52:23'),
(374,28,47,'Barru','2021-05-28 08:52:23','2021-05-28 08:52:23'),
(375,28,87,'Bone','2021-05-28 08:52:23','2021-05-28 08:52:23'),
(376,28,95,'Bulukumba','2021-05-28 08:52:23','2021-05-28 08:52:23'),
(377,28,123,'Enrekang','2021-05-28 08:52:23','2021-05-28 08:52:23'),
(378,28,132,'Gowa','2021-05-28 08:52:23','2021-05-28 08:52:23'),
(379,28,162,'Jeneponto','2021-05-28 08:52:23','2021-05-28 08:52:23'),
(380,28,244,'Luwu','2021-05-28 08:52:23','2021-05-28 08:52:23'),
(381,28,245,'Luwu Timur','2021-05-28 08:52:23','2021-05-28 08:52:23'),
(382,28,246,'Luwu Utara','2021-05-28 08:52:23','2021-05-28 08:52:23'),
(383,28,254,'Makassar','2021-05-28 08:52:23','2021-05-28 08:52:23'),
(384,28,275,'Maros','2021-05-28 08:52:23','2021-05-28 08:52:23'),
(385,28,328,'Palopo','2021-05-28 08:52:23','2021-05-28 08:52:23'),
(386,28,333,'Pangkajene Kepulauan','2021-05-28 08:52:23','2021-05-28 08:52:23'),
(387,28,336,'Parepare','2021-05-28 08:52:23','2021-05-28 08:52:23'),
(388,28,360,'Pinrang','2021-05-28 08:52:23','2021-05-28 08:52:23'),
(389,28,396,'Selayar (Kepulauan Selayar)','2021-05-28 08:52:23','2021-05-28 08:52:23'),
(390,28,408,'Sidenreng Rappang/Rapang','2021-05-28 08:52:23','2021-05-28 08:52:23'),
(391,28,416,'Sinjai','2021-05-28 08:52:23','2021-05-28 08:52:23'),
(392,28,423,'Soppeng','2021-05-28 08:52:23','2021-05-28 08:52:23'),
(393,28,448,'Takalar','2021-05-28 08:52:23','2021-05-28 08:52:23'),
(394,28,451,'Tana Toraja','2021-05-28 08:52:23','2021-05-28 08:52:23'),
(395,28,486,'Toraja Utara','2021-05-28 08:52:23','2021-05-28 08:52:23'),
(396,28,493,'Wajo','2021-05-28 08:52:23','2021-05-28 08:52:23'),
(397,29,25,'Banggai','2021-05-28 08:52:24','2021-05-28 08:52:24'),
(398,29,26,'Banggai Kepulauan','2021-05-28 08:52:24','2021-05-28 08:52:24'),
(399,29,98,'Buol','2021-05-28 08:52:24','2021-05-28 08:52:24'),
(400,29,119,'Donggala','2021-05-28 08:52:24','2021-05-28 08:52:24'),
(401,29,291,'Morowali','2021-05-28 08:52:24','2021-05-28 08:52:24'),
(402,29,329,'Palu','2021-05-28 08:52:24','2021-05-28 08:52:24'),
(403,29,338,'Parigi Moutong','2021-05-28 08:52:24','2021-05-28 08:52:24'),
(404,29,366,'Poso','2021-05-28 08:52:24','2021-05-28 08:52:24'),
(405,29,410,'Sigi','2021-05-28 08:52:24','2021-05-28 08:52:24'),
(406,29,482,'Tojo Una-Una','2021-05-28 08:52:24','2021-05-28 08:52:24'),
(407,29,483,'Toli-Toli','2021-05-28 08:52:24','2021-05-28 08:52:24'),
(408,30,53,'Bau-Bau','2021-05-28 08:52:25','2021-05-28 08:52:25'),
(409,30,85,'Bombana','2021-05-28 08:52:25','2021-05-28 08:52:25'),
(410,30,101,'Buton','2021-05-28 08:52:25','2021-05-28 08:52:25'),
(411,30,102,'Buton Utara','2021-05-28 08:52:25','2021-05-28 08:52:25'),
(412,30,182,'Kendari','2021-05-28 08:52:25','2021-05-28 08:52:25'),
(413,30,198,'Kolaka','2021-05-28 08:52:25','2021-05-28 08:52:25'),
(414,30,199,'Kolaka Utara','2021-05-28 08:52:25','2021-05-28 08:52:25'),
(415,30,200,'Konawe','2021-05-28 08:52:25','2021-05-28 08:52:25'),
(416,30,201,'Konawe Selatan','2021-05-28 08:52:25','2021-05-28 08:52:25'),
(417,30,202,'Konawe Utara','2021-05-28 08:52:25','2021-05-28 08:52:25'),
(418,30,295,'Muna','2021-05-28 08:52:25','2021-05-28 08:52:25'),
(419,30,494,'Wakatobi','2021-05-28 08:52:25','2021-05-28 08:52:25'),
(420,31,73,'Bitung','2021-05-28 08:52:26','2021-05-28 08:52:26'),
(421,31,81,'Bolaang Mongondow (Bolmong)','2021-05-28 08:52:26','2021-05-28 08:52:26'),
(422,31,82,'Bolaang Mongondow Selatan','2021-05-28 08:52:26','2021-05-28 08:52:26'),
(423,31,83,'Bolaang Mongondow Timur','2021-05-28 08:52:26','2021-05-28 08:52:26'),
(424,31,84,'Bolaang Mongondow Utara','2021-05-28 08:52:26','2021-05-28 08:52:26'),
(425,31,188,'Kepulauan Sangihe','2021-05-28 08:52:26','2021-05-28 08:52:26'),
(426,31,190,'Kepulauan Siau Tagulandang Biaro (Sitaro)','2021-05-28 08:52:26','2021-05-28 08:52:26'),
(427,31,192,'Kepulauan Talaud','2021-05-28 08:52:26','2021-05-28 08:52:26'),
(428,31,204,'Kotamobagu','2021-05-28 08:52:26','2021-05-28 08:52:26'),
(429,31,267,'Manado','2021-05-28 08:52:26','2021-05-28 08:52:26'),
(430,31,285,'Minahasa','2021-05-28 08:52:26','2021-05-28 08:52:26'),
(431,31,286,'Minahasa Selatan','2021-05-28 08:52:26','2021-05-28 08:52:26'),
(432,31,287,'Minahasa Tenggara','2021-05-28 08:52:26','2021-05-28 08:52:26'),
(433,31,288,'Minahasa Utara','2021-05-28 08:52:26','2021-05-28 08:52:26'),
(434,31,485,'Tomohon','2021-05-28 08:52:26','2021-05-28 08:52:26'),
(435,32,12,'Agam','2021-05-28 08:52:28','2021-05-28 08:52:28'),
(436,32,93,'Bukittinggi','2021-05-28 08:52:28','2021-05-28 08:52:28'),
(437,32,116,'Dharmasraya','2021-05-28 08:52:28','2021-05-28 08:52:28'),
(438,32,186,'Kepulauan Mentawai','2021-05-28 08:52:28','2021-05-28 08:52:28'),
(439,32,236,'Lima Puluh Koto/Kota','2021-05-28 08:52:28','2021-05-28 08:52:28'),
(440,32,318,'Padang','2021-05-28 08:52:28','2021-05-28 08:52:28'),
(441,32,321,'Padang Panjang','2021-05-28 08:52:28','2021-05-28 08:52:28'),
(442,32,322,'Padang Pariaman','2021-05-28 08:52:28','2021-05-28 08:52:28'),
(443,32,337,'Pariaman','2021-05-28 08:52:28','2021-05-28 08:52:28'),
(444,32,339,'Pasaman','2021-05-28 08:52:28','2021-05-28 08:52:28'),
(445,32,340,'Pasaman Barat','2021-05-28 08:52:28','2021-05-28 08:52:28'),
(446,32,345,'Payakumbuh','2021-05-28 08:52:28','2021-05-28 08:52:28'),
(447,32,357,'Pesisir Selatan','2021-05-28 08:52:28','2021-05-28 08:52:28'),
(448,32,394,'Sawah Lunto','2021-05-28 08:52:28','2021-05-28 08:52:28'),
(449,32,411,'Sijunjung (Sawah Lunto Sijunjung)','2021-05-28 08:52:28','2021-05-28 08:52:28'),
(450,32,420,'Solok','2021-05-28 08:52:28','2021-05-28 08:52:28'),
(451,32,421,'Solok','2021-05-28 08:52:28','2021-05-28 08:52:28'),
(452,32,422,'Solok Selatan','2021-05-28 08:52:28','2021-05-28 08:52:28'),
(453,32,453,'Tanah Datar','2021-05-28 08:52:28','2021-05-28 08:52:28'),
(454,33,40,'Banyuasin','2021-05-28 08:52:29','2021-05-28 08:52:29'),
(455,33,121,'Empat Lawang','2021-05-28 08:52:29','2021-05-28 08:52:29'),
(456,33,220,'Lahat','2021-05-28 08:52:29','2021-05-28 08:52:29'),
(457,33,242,'Lubuk Linggau','2021-05-28 08:52:29','2021-05-28 08:52:29'),
(458,33,292,'Muara Enim','2021-05-28 08:52:29','2021-05-28 08:52:29'),
(459,33,297,'Musi Banyuasin','2021-05-28 08:52:29','2021-05-28 08:52:29'),
(460,33,298,'Musi Rawas','2021-05-28 08:52:29','2021-05-28 08:52:29'),
(461,33,312,'Ogan Ilir','2021-05-28 08:52:29','2021-05-28 08:52:29'),
(462,33,313,'Ogan Komering Ilir','2021-05-28 08:52:29','2021-05-28 08:52:29'),
(463,33,314,'Ogan Komering Ulu','2021-05-28 08:52:29','2021-05-28 08:52:29'),
(464,33,315,'Ogan Komering Ulu Selatan','2021-05-28 08:52:29','2021-05-28 08:52:29'),
(465,33,316,'Ogan Komering Ulu Timur','2021-05-28 08:52:29','2021-05-28 08:52:29'),
(466,33,324,'Pagar Alam','2021-05-28 08:52:29','2021-05-28 08:52:29'),
(467,33,327,'Palembang','2021-05-28 08:52:29','2021-05-28 08:52:29'),
(468,33,367,'Prabumulih','2021-05-28 08:52:29','2021-05-28 08:52:29'),
(469,34,15,'Asahan','2021-05-28 08:52:30','2021-05-28 08:52:30'),
(470,34,52,'Batu Bara','2021-05-28 08:52:30','2021-05-28 08:52:30'),
(471,34,70,'Binjai','2021-05-28 08:52:30','2021-05-28 08:52:30'),
(472,34,110,'Dairi','2021-05-28 08:52:30','2021-05-28 08:52:30'),
(473,34,112,'Deli Serdang','2021-05-28 08:52:30','2021-05-28 08:52:30'),
(474,34,137,'Gunungsitoli','2021-05-28 08:52:30','2021-05-28 08:52:30'),
(475,34,146,'Humbang Hasundutan','2021-05-28 08:52:30','2021-05-28 08:52:30'),
(476,34,173,'Karo','2021-05-28 08:52:30','2021-05-28 08:52:30'),
(477,34,217,'Labuhan Batu','2021-05-28 08:52:30','2021-05-28 08:52:30'),
(478,34,218,'Labuhan Batu Selatan','2021-05-28 08:52:30','2021-05-28 08:52:30'),
(479,34,219,'Labuhan Batu Utara','2021-05-28 08:52:30','2021-05-28 08:52:30'),
(480,34,229,'Langkat','2021-05-28 08:52:30','2021-05-28 08:52:30'),
(481,34,268,'Mandailing Natal','2021-05-28 08:52:30','2021-05-28 08:52:30'),
(482,34,278,'Medan','2021-05-28 08:52:30','2021-05-28 08:52:30'),
(483,34,307,'Nias','2021-05-28 08:52:30','2021-05-28 08:52:30'),
(484,34,308,'Nias Barat','2021-05-28 08:52:30','2021-05-28 08:52:30'),
(485,34,309,'Nias Selatan','2021-05-28 08:52:30','2021-05-28 08:52:30'),
(486,34,310,'Nias Utara','2021-05-28 08:52:30','2021-05-28 08:52:30'),
(487,34,319,'Padang Lawas','2021-05-28 08:52:30','2021-05-28 08:52:30'),
(488,34,320,'Padang Lawas Utara','2021-05-28 08:52:30','2021-05-28 08:52:30'),
(489,34,323,'Padang Sidempuan','2021-05-28 08:52:30','2021-05-28 08:52:30'),
(490,34,325,'Pakpak Bharat','2021-05-28 08:52:30','2021-05-28 08:52:30'),
(491,34,353,'Pematang Siantar','2021-05-28 08:52:30','2021-05-28 08:52:30'),
(492,34,389,'Samosir','2021-05-28 08:52:30','2021-05-28 08:52:30'),
(493,34,404,'Serdang Bedagai','2021-05-28 08:52:30','2021-05-28 08:52:30'),
(494,34,407,'Sibolga','2021-05-28 08:52:30','2021-05-28 08:52:30'),
(495,34,413,'Simalungun','2021-05-28 08:52:30','2021-05-28 08:52:30'),
(496,34,459,'Tanjung Balai','2021-05-28 08:52:30','2021-05-28 08:52:30'),
(497,34,463,'Tapanuli Selatan','2021-05-28 08:52:30','2021-05-28 08:52:30'),
(498,34,464,'Tapanuli Tengah','2021-05-28 08:52:30','2021-05-28 08:52:30'),
(499,34,465,'Tapanuli Utara','2021-05-28 08:52:30','2021-05-28 08:52:30'),
(500,34,470,'Tebing Tinggi','2021-05-28 08:52:30','2021-05-28 08:52:30'),
(501,34,481,'Toba Samosir','2021-05-28 08:52:30','2021-05-28 08:52:30');

/*Table structure for table `couriers` */

DROP TABLE IF EXISTS `couriers`;

CREATE TABLE `couriers` (
  `id` int(10) unsigned NOT NULL AUTO_INCREMENT,
  `code` varchar(11) COLLATE utf8mb4_unicode_ci NOT NULL,
  `courier` varchar(191) COLLATE utf8mb4_unicode_ci NOT NULL,
  `created_at` timestamp NULL DEFAULT NULL,
  `updated_at` timestamp NULL DEFAULT NULL,
  PRIMARY KEY (`id`)
) ENGINE=InnoDB AUTO_INCREMENT=4 DEFAULT CHARSET=utf8mb4 COLLATE=utf8mb4_unicode_ci;

/*Data for the table `couriers` */

insert  into `couriers`(`id`,`code`,`courier`,`created_at`,`updated_at`) values 
(1,'jne','JNE','2021-05-28 14:39:04',NULL),
(2,'pos','POS','2021-05-28 14:39:11',NULL),
(3,'tiki','TIKI','2021-05-28 14:39:26',NULL);

/*Table structure for table `discounts` */

DROP TABLE IF EXISTS `discounts`;

CREATE TABLE `discounts` (
  `id` int(10) NOT NULL AUTO_INCREMENT,
  `id_product` int(10) unsigned DEFAULT NULL,
  `percentage` int(3) DEFAULT NULL,
  `start` date DEFAULT NULL,
  `end` date DEFAULT NULL,
  `created_at` timestamp NULL DEFAULT NULL,
  `updated_at` timestamp NULL DEFAULT NULL,
  PRIMARY KEY (`id`),
  KEY `id_product` (`id_product`),
  CONSTRAINT `discounts_ibfk_1` FOREIGN KEY (`id_product`) REFERENCES `products` (`id`)
) ENGINE=InnoDB AUTO_INCREMENT=3 DEFAULT CHARSET=latin1;

/*Data for the table `discounts` */

insert  into `discounts`(`id`,`id_product`,`percentage`,`start`,`end`,`created_at`,`updated_at`) values 
(1,4,10,'2021-05-26','2021-06-04','2021-05-27 22:55:19',NULL),
(2,6,10,'2021-05-27','2021-06-03','2021-05-27 22:55:35',NULL);

/*Table structure for table `failed_jobs` */

DROP TABLE IF EXISTS `failed_jobs`;

CREATE TABLE `failed_jobs` (
  `id` bigint(20) unsigned NOT NULL AUTO_INCREMENT,
  `connection` text COLLATE utf8mb4_unicode_ci NOT NULL,
  `queue` text COLLATE utf8mb4_unicode_ci NOT NULL,
  `payload` longtext COLLATE utf8mb4_unicode_ci NOT NULL,
  `exception` longtext COLLATE utf8mb4_unicode_ci NOT NULL,
  `failed_at` timestamp NOT NULL DEFAULT current_timestamp(),
  PRIMARY KEY (`id`)
) ENGINE=InnoDB DEFAULT CHARSET=utf8mb4 COLLATE=utf8mb4_unicode_ci;

/*Data for the table `failed_jobs` */

/*Table structure for table `migrations` */

DROP TABLE IF EXISTS `migrations`;

CREATE TABLE `migrations` (
  `id` int(10) unsigned NOT NULL AUTO_INCREMENT,
  `migration` varchar(191) COLLATE utf8mb4_unicode_ci NOT NULL,
  `batch` int(11) NOT NULL,
  PRIMARY KEY (`id`)
) ENGINE=InnoDB AUTO_INCREMENT=24 DEFAULT CHARSET=utf8mb4 COLLATE=utf8mb4_unicode_ci;

/*Data for the table `migrations` */

insert  into `migrations`(`id`,`migration`,`batch`) values 
(1,'2014_10_12_000000_create_users_table',1),
(2,'2014_10_12_100000_create_password_resets_table',1),
(3,'2019_02_15_123603_create_admins_table',1),
(4,'2019_02_15_123744_create_sellers_table',1),
(5,'2019_02_15_125445_create_products_table',1),
(6,'2019_02_15_130341_create_product_images_table',1),
(7,'2019_02_15_131114_create_transactions_table',1),
(8,'2019_02_15_131132_create_transaction_details_table',1),
(9,'2019_02_15_132352_create_product_categories_table',1),
(10,'2019_02_15_132701_create_carts_table',1),
(11,'2019_02_15_134220_create_wishlists_table',1),
(12,'2019_02_16_044815_create_rates_table',1),
(13,'2019_02_16_045411_create_product_reviews_table',1),
(14,'2019_02_16_062504_create_qna_products_table',1),
(15,'2019_02_16_063238_create_shopping_voucers_table',1),
(16,'2019_02_16_064643_create_couriers_table',1),
(17,'2019_02_16_102028_create_notifications_table',1),
(18,'2019_02_16_103007_create_seller_notifications_table',1),
(19,'2019_02_16_103024_create_user_notifications_table',1),
(20,'2019_08_19_000000_create_failed_jobs_table',2),
(21,'2021_05_24_172202_create_admins_table',3),
(22,'2021_05_28_084857_create_provinces_table',4),
(23,'2021_05_28_084905_create_cities_table',4);

/*Table structure for table `password_resets` */

DROP TABLE IF EXISTS `password_resets`;

CREATE TABLE `password_resets` (
  `email` varchar(191) COLLATE utf8mb4_unicode_ci NOT NULL,
  `token` varchar(191) COLLATE utf8mb4_unicode_ci NOT NULL,
  `created_at` timestamp NULL DEFAULT NULL,
  KEY `password_resets_email_index` (`email`)
) ENGINE=InnoDB DEFAULT CHARSET=utf8mb4 COLLATE=utf8mb4_unicode_ci;

/*Data for the table `password_resets` */

/*Table structure for table `product_categories` */

DROP TABLE IF EXISTS `product_categories`;

CREATE TABLE `product_categories` (
  `id` int(10) unsigned NOT NULL AUTO_INCREMENT,
  `category_name` varchar(191) COLLATE utf8mb4_unicode_ci NOT NULL,
  `created_at` timestamp NULL DEFAULT NULL,
  `updated_at` timestamp NULL DEFAULT NULL,
  PRIMARY KEY (`id`)
) ENGINE=InnoDB AUTO_INCREMENT=4 DEFAULT CHARSET=utf8mb4 COLLATE=utf8mb4_unicode_ci;

/*Data for the table `product_categories` */

insert  into `product_categories`(`id`,`category_name`,`created_at`,`updated_at`) values 
(1,'Pakaian','2021-05-27 20:36:03',NULL),
(2,'Elektronik','2021-05-27 20:36:25',NULL),
(3,'Peralatan','2021-05-27 22:59:10',NULL);

/*Table structure for table `product_category_details` */

DROP TABLE IF EXISTS `product_category_details`;

CREATE TABLE `product_category_details` (
  `id` int(10) unsigned NOT NULL AUTO_INCREMENT,
  `product_id` int(10) unsigned NOT NULL,
  `category_id` int(10) unsigned NOT NULL,
  `created_at` timestamp NOT NULL DEFAULT current_timestamp() ON UPDATE current_timestamp(),
  `updated_at` timestamp NOT NULL DEFAULT '0000-00-00 00:00:00',
  PRIMARY KEY (`id`),
  KEY `product_id` (`product_id`),
  KEY `category_id` (`category_id`),
  CONSTRAINT `product_category_details_ibfk_1` FOREIGN KEY (`product_id`) REFERENCES `products` (`id`),
  CONSTRAINT `product_category_details_ibfk_2` FOREIGN KEY (`category_id`) REFERENCES `product_categories` (`id`)
) ENGINE=InnoDB AUTO_INCREMENT=7 DEFAULT CHARSET=latin1;

/*Data for the table `product_category_details` */

insert  into `product_category_details`(`id`,`product_id`,`category_id`,`created_at`,`updated_at`) values 
(1,1,1,'2021-05-27 20:40:26','0000-00-00 00:00:00'),
(2,2,1,'2021-05-27 20:40:37','0000-00-00 00:00:00'),
(3,3,2,'2021-05-27 23:13:29','0000-00-00 00:00:00'),
(4,4,2,'2021-05-27 23:13:37','0000-00-00 00:00:00'),
(5,5,3,'2021-05-27 23:13:42','0000-00-00 00:00:00'),
(6,6,3,'2021-05-27 23:13:47','0000-00-00 00:00:00');

/*Table structure for table `product_images` */

DROP TABLE IF EXISTS `product_images`;

CREATE TABLE `product_images` (
  `id` int(10) unsigned NOT NULL AUTO_INCREMENT,
  `product_id` int(10) unsigned NOT NULL,
  `image_name` varchar(191) COLLATE utf8mb4_unicode_ci NOT NULL,
  `created_at` timestamp NULL DEFAULT NULL,
  `updated_at` timestamp NULL DEFAULT NULL,
  PRIMARY KEY (`id`),
  KEY `product_id` (`product_id`),
  CONSTRAINT `product_images_ibfk_1` FOREIGN KEY (`product_id`) REFERENCES `products` (`id`)
) ENGINE=InnoDB AUTO_INCREMENT=2 DEFAULT CHARSET=utf8mb4 COLLATE=utf8mb4_unicode_ci;

/*Data for the table `product_images` */

insert  into `product_images`(`id`,`product_id`,`image_name`,`created_at`,`updated_at`) values 
(1,1,'images/1.jpg','2021-05-27 22:45:45',NULL);

/*Table structure for table `product_reviews` */

DROP TABLE IF EXISTS `product_reviews`;

CREATE TABLE `product_reviews` (
  `id` int(10) unsigned NOT NULL AUTO_INCREMENT,
  `product_id` int(10) unsigned NOT NULL,
  `user_id` int(10) unsigned NOT NULL,
  `rate` int(1) NOT NULL,
  `content` text COLLATE utf8mb4_unicode_ci NOT NULL,
  `created_at` timestamp NULL DEFAULT NULL,
  `updated_at` timestamp NULL DEFAULT NULL,
  PRIMARY KEY (`id`),
  KEY `user_id` (`user_id`),
  KEY `rate_id` (`rate`),
  KEY `product_id` (`product_id`),
  CONSTRAINT `product_reviews_ibfk_1` FOREIGN KEY (`user_id`) REFERENCES `users` (`id`),
  CONSTRAINT `product_reviews_ibfk_3` FOREIGN KEY (`product_id`) REFERENCES `products` (`id`)
) ENGINE=InnoDB DEFAULT CHARSET=utf8mb4 COLLATE=utf8mb4_unicode_ci;

/*Data for the table `product_reviews` */

/*Table structure for table `products` */

DROP TABLE IF EXISTS `products`;

CREATE TABLE `products` (
  `id` int(10) unsigned NOT NULL AUTO_INCREMENT,
  `product_name` varchar(191) COLLATE utf8mb4_unicode_ci NOT NULL,
  `price` int(11) NOT NULL,
  `description` text COLLATE utf8mb4_unicode_ci NOT NULL,
  `product_rate` double DEFAULT NULL,
  `created_at` timestamp NULL DEFAULT NULL,
  `updated_at` timestamp NULL DEFAULT NULL,
  `stock` int(10) DEFAULT NULL,
  `weight` int(3) DEFAULT NULL,
  PRIMARY KEY (`id`)
) ENGINE=InnoDB AUTO_INCREMENT=12 DEFAULT CHARSET=utf8mb4 COLLATE=utf8mb4_unicode_ci;

/*Data for the table `products` */

insert  into `products`(`id`,`product_name`,`price`,`description`,`product_rate`,`created_at`,`updated_at`,`stock`,`weight`) values 
(1,'Kamer',10000,'asdasdasdada',NULL,'2021-05-27 03:20:09','2021-05-27 03:20:12',10,1000),
(2,'Baju',50000,'asdasdadasd',NULL,'2021-05-27 03:32:03','2021-05-27 03:32:07',5,1000),
(3,'Amer',50000,'sfsdfsdfsfs',NULL,'2021-05-27 03:32:42','2021-05-27 03:32:44',4,1000),
(4,'ahay',20000,'dasdasdasda',NULL,'2021-05-27 15:44:58','2021-05-27 15:45:00',10,1000),
(5,'aaaaa',500000,'asdasda',NULL,'2021-05-27 16:10:25','2021-05-27 16:10:23',11,1000),
(6,'bbbb',50000,'asdasda',NULL,'2021-05-27 16:11:18','2021-05-27 16:11:20',11,1000),
(7,'cccc',55000,'adasdads',NULL,'2021-05-27 16:22:01','2021-05-27 16:22:06',11,1000),
(9,'dddd',56000,'sdasdasdasda',NULL,'2021-05-27 16:42:06','2021-05-27 16:42:08',12,1000),
(10,'eeee',11111,'asdasdasd',NULL,'2021-05-27 16:42:23','2021-05-27 16:42:21',11,1000),
(11,'ffff',1112,'asdasdasd',NULL,'2021-05-27 16:42:27','2021-05-27 16:42:28',11,1000);

/*Table structure for table `provinces` */

DROP TABLE IF EXISTS `provinces`;

CREATE TABLE `provinces` (
  `id` bigint(20) unsigned NOT NULL AUTO_INCREMENT,
  `province_id` int(10) unsigned NOT NULL,
  `name` varchar(255) COLLATE utf8mb4_unicode_ci NOT NULL,
  `created_at` timestamp NULL DEFAULT NULL,
  `updated_at` timestamp NULL DEFAULT NULL,
  PRIMARY KEY (`id`)
) ENGINE=InnoDB AUTO_INCREMENT=35 DEFAULT CHARSET=utf8mb4 COLLATE=utf8mb4_unicode_ci;

/*Data for the table `provinces` */

insert  into `provinces`(`id`,`province_id`,`name`,`created_at`,`updated_at`) values 
(1,1,'Bali','2021-05-28 08:51:46','2021-05-28 08:51:46'),
(2,2,'Bangka Belitung','2021-05-28 08:51:47','2021-05-28 08:51:47'),
(3,3,'Banten','2021-05-28 08:51:49','2021-05-28 08:51:49'),
(4,4,'Bengkulu','2021-05-28 08:51:50','2021-05-28 08:51:50'),
(5,5,'DI Yogyakarta','2021-05-28 08:51:51','2021-05-28 08:51:51'),
(6,6,'DKI Jakarta','2021-05-28 08:51:53','2021-05-28 08:51:53'),
(7,7,'Gorontalo','2021-05-28 08:51:54','2021-05-28 08:51:54'),
(8,8,'Jambi','2021-05-28 08:51:55','2021-05-28 08:51:55'),
(9,9,'Jawa Barat','2021-05-28 08:51:57','2021-05-28 08:51:57'),
(10,10,'Jawa Tengah','2021-05-28 08:51:58','2021-05-28 08:51:58'),
(11,11,'Jawa Timur','2021-05-28 08:51:59','2021-05-28 08:51:59'),
(12,12,'Kalimantan Barat','2021-05-28 08:52:01','2021-05-28 08:52:01'),
(13,13,'Kalimantan Selatan','2021-05-28 08:52:02','2021-05-28 08:52:02'),
(14,14,'Kalimantan Tengah','2021-05-28 08:52:03','2021-05-28 08:52:03'),
(15,15,'Kalimantan Timur','2021-05-28 08:52:04','2021-05-28 08:52:04'),
(16,16,'Kalimantan Utara','2021-05-28 08:52:06','2021-05-28 08:52:06'),
(17,17,'Kepulauan Riau','2021-05-28 08:52:07','2021-05-28 08:52:07'),
(18,18,'Lampung','2021-05-28 08:52:08','2021-05-28 08:52:08'),
(19,19,'Maluku','2021-05-28 08:52:10','2021-05-28 08:52:10'),
(20,20,'Maluku Utara','2021-05-28 08:52:11','2021-05-28 08:52:11'),
(21,21,'Nanggroe Aceh Darussalam (NAD)','2021-05-28 08:52:12','2021-05-28 08:52:12'),
(22,22,'Nusa Tenggara Barat (NTB)','2021-05-28 08:52:13','2021-05-28 08:52:13'),
(23,23,'Nusa Tenggara Timur (NTT)','2021-05-28 08:52:15','2021-05-28 08:52:15'),
(24,24,'Papua','2021-05-28 08:52:16','2021-05-28 08:52:16'),
(25,25,'Papua Barat','2021-05-28 08:52:18','2021-05-28 08:52:18'),
(26,26,'Riau','2021-05-28 08:52:19','2021-05-28 08:52:19'),
(27,27,'Sulawesi Barat','2021-05-28 08:52:20','2021-05-28 08:52:20'),
(28,28,'Sulawesi Selatan','2021-05-28 08:52:21','2021-05-28 08:52:21'),
(29,29,'Sulawesi Tengah','2021-05-28 08:52:23','2021-05-28 08:52:23'),
(30,30,'Sulawesi Tenggara','2021-05-28 08:52:24','2021-05-28 08:52:24'),
(31,31,'Sulawesi Utara','2021-05-28 08:52:25','2021-05-28 08:52:25'),
(32,32,'Sumatera Barat','2021-05-28 08:52:26','2021-05-28 08:52:26'),
(33,33,'Sumatera Selatan','2021-05-28 08:52:28','2021-05-28 08:52:28'),
(34,34,'Sumatera Utara','2021-05-28 08:52:29','2021-05-28 08:52:29');

/*Table structure for table `response` */

DROP TABLE IF EXISTS `response`;

CREATE TABLE `response` (
  `id` int(10) unsigned NOT NULL AUTO_INCREMENT,
  `review_id` int(10) unsigned NOT NULL,
  `admin_id` int(10) unsigned NOT NULL,
  `content` text NOT NULL,
  `created_at` timestamp NOT NULL DEFAULT current_timestamp() ON UPDATE current_timestamp(),
  `updated_at` timestamp NOT NULL DEFAULT '0000-00-00 00:00:00',
  PRIMARY KEY (`id`),
  KEY `review_id` (`review_id`),
  KEY `admin_id` (`admin_id`),
  CONSTRAINT `response_ibfk_1` FOREIGN KEY (`review_id`) REFERENCES `product_reviews` (`id`),
  CONSTRAINT `response_ibfk_2` FOREIGN KEY (`admin_id`) REFERENCES `admins` (`id`)
) ENGINE=InnoDB DEFAULT CHARSET=latin1;

/*Data for the table `response` */

/*Table structure for table `transaction_details` */

DROP TABLE IF EXISTS `transaction_details`;

CREATE TABLE `transaction_details` (
  `id` int(10) unsigned NOT NULL AUTO_INCREMENT,
  `transaction_id` int(10) unsigned NOT NULL,
  `product_id` int(10) unsigned NOT NULL,
  `qty` int(11) NOT NULL,
  `discount` int(3) DEFAULT NULL,
  `selling_price` int(11) DEFAULT NULL,
  `created_at` timestamp NULL DEFAULT NULL,
  `updated_at` timestamp NULL DEFAULT NULL,
  PRIMARY KEY (`id`),
  KEY `id_transaction` (`transaction_id`),
  KEY `id_product` (`product_id`),
  CONSTRAINT `transaction_details_ibfk_1` FOREIGN KEY (`transaction_id`) REFERENCES `transactions` (`id`),
  CONSTRAINT `transaction_details_ibfk_2` FOREIGN KEY (`product_id`) REFERENCES `products` (`id`)
) ENGINE=InnoDB AUTO_INCREMENT=17 DEFAULT CHARSET=utf8mb4 COLLATE=utf8mb4_unicode_ci;

/*Data for the table `transaction_details` */

insert  into `transaction_details`(`id`,`transaction_id`,`product_id`,`qty`,`discount`,`selling_price`,`created_at`,`updated_at`) values 
(1,6,4,1,1,1,'2021-05-28 07:03:50','2021-05-28 07:03:50'),
(2,6,6,1,1,1,'2021-05-28 07:03:50','2021-05-28 07:03:50'),
(3,16,1,1,1,1,'2021-05-28 07:12:50','2021-05-28 07:12:50'),
(4,17,4,1,1,1,'2021-05-28 07:14:38','2021-05-28 07:14:38'),
(5,19,6,1,1,1,'2021-05-28 07:48:10','2021-05-28 07:48:10'),
(6,20,1,1,1,1,'2021-05-28 08:38:41','2021-05-28 08:38:41'),
(7,21,1,1,1,1,'2021-05-28 09:24:24','2021-05-28 09:24:24'),
(8,29,1,1,0,10000,'2021-05-28 09:43:57','2021-05-28 09:43:57'),
(9,30,4,1,10,18000,'2021-05-28 09:46:01','2021-05-28 09:46:01'),
(10,31,1,1,0,10000,'2021-05-28 10:03:55','2021-05-28 10:03:55'),
(11,32,1,1,0,10000,'2021-05-28 10:14:46','2021-05-28 10:14:46'),
(12,33,1,1,0,10000,'2021-05-28 11:00:27','2021-05-28 11:00:27'),
(13,33,1,1,0,10000,'2021-05-28 11:00:27','2021-05-28 11:00:27'),
(14,34,1,1,0,10000,'2021-05-28 11:06:32','2021-05-28 11:06:32'),
(15,35,1,1,0,10000,'2021-05-28 19:12:05','2021-05-28 19:12:05'),
(16,36,1,1,0,10000,'2021-05-28 19:28:01','2021-05-28 19:28:01');

/*Table structure for table `transactions` */

DROP TABLE IF EXISTS `transactions`;

CREATE TABLE `transactions` (
  `id` int(10) unsigned NOT NULL AUTO_INCREMENT,
  `timeout` datetime NOT NULL,
  `address` varchar(191) COLLATE utf8mb4_unicode_ci NOT NULL,
  `regency` varchar(50) COLLATE utf8mb4_unicode_ci DEFAULT NULL,
  `province` varchar(50) COLLATE utf8mb4_unicode_ci DEFAULT NULL,
  `total` double(12,2) NOT NULL,
  `shipping_cost` double(12,2) DEFAULT NULL,
  `sub_total` double(12,2) NOT NULL,
  `user_id` int(20) unsigned NOT NULL,
  `courier_id` int(10) unsigned NOT NULL,
  `proof_of_payment` varchar(191) COLLATE utf8mb4_unicode_ci DEFAULT NULL,
  `created_at` timestamp NULL DEFAULT NULL,
  `updated_at` timestamp NULL DEFAULT NULL,
  `status` enum('unverified','verified','delivered','success','expired','canceled') COLLATE utf8mb4_unicode_ci DEFAULT NULL,
  PRIMARY KEY (`id`),
  KEY `courier_id` (`courier_id`),
  KEY `user_id` (`user_id`),
  CONSTRAINT `transactions_ibfk_1` FOREIGN KEY (`courier_id`) REFERENCES `couriers` (`id`),
  CONSTRAINT `transactions_ibfk_2` FOREIGN KEY (`user_id`) REFERENCES `users` (`id`)
) ENGINE=InnoDB AUTO_INCREMENT=37 DEFAULT CHARSET=utf8mb4 COLLATE=utf8mb4_unicode_ci;

/*Data for the table `transactions` */

insert  into `transactions`(`id`,`timeout`,`address`,`regency`,`province`,`total`,`shipping_cost`,`sub_total`,`user_id`,`courier_id`,`proof_of_payment`,`created_at`,`updated_at`,`status`) values 
(1,'2021-05-29 06:54:53','a',NULL,NULL,63000.00,NULL,63000.00,2,1,NULL,'2021-05-28 06:54:53','2021-05-28 06:54:53','unverified'),
(2,'2021-05-29 06:55:36','a',NULL,NULL,63000.00,NULL,63000.00,2,1,NULL,'2021-05-28 06:55:36','2021-05-28 06:55:36','unverified'),
(3,'2021-05-29 06:55:42','a',NULL,NULL,63000.00,NULL,63000.00,2,1,NULL,'2021-05-28 06:55:42','2021-05-28 06:55:42','unverified'),
(4,'2021-05-29 06:55:57','a',NULL,NULL,63000.00,NULL,63000.00,2,1,NULL,'2021-05-28 06:55:57','2021-05-28 06:55:57','unverified'),
(5,'2021-05-29 07:03:17','a',NULL,NULL,63000.00,NULL,63000.00,2,1,NULL,'2021-05-28 07:03:17','2021-05-28 07:03:17','unverified'),
(6,'2021-05-29 07:03:50','a',NULL,NULL,63000.00,NULL,63000.00,2,1,NULL,'2021-05-28 07:03:50','2021-05-28 07:03:50','unverified'),
(7,'2021-05-29 07:04:31','a',NULL,NULL,0.00,NULL,0.00,2,1,NULL,'2021-05-28 07:04:31','2021-05-28 07:04:31','unverified'),
(8,'2021-05-29 07:05:11','a',NULL,NULL,0.00,NULL,0.00,2,1,NULL,'2021-05-28 07:05:11','2021-05-28 07:05:11','unverified'),
(9,'2021-05-29 07:05:40','a',NULL,NULL,0.00,NULL,0.00,2,1,NULL,'2021-05-28 07:05:40','2021-05-28 07:05:40','unverified'),
(10,'2021-05-29 07:08:58','a',NULL,NULL,0.00,NULL,0.00,2,1,NULL,'2021-05-28 07:08:58','2021-05-28 07:08:58','unverified'),
(11,'2021-05-29 07:09:34','a',NULL,NULL,0.00,NULL,0.00,2,1,NULL,'2021-05-28 07:09:34','2021-05-28 07:09:34','unverified'),
(12,'2021-05-29 07:09:41','a',NULL,NULL,0.00,NULL,0.00,2,1,NULL,'2021-05-28 07:09:41','2021-05-28 07:09:41','unverified'),
(13,'2021-05-29 07:10:12','a',NULL,NULL,0.00,NULL,0.00,2,1,NULL,'2021-05-28 07:10:12','2021-05-28 07:10:12','unverified'),
(14,'2021-05-29 07:10:51','a',NULL,NULL,0.00,NULL,0.00,2,1,NULL,'2021-05-28 07:10:51','2021-05-28 07:10:51','unverified'),
(15,'2021-05-29 07:11:32','a',NULL,NULL,0.00,NULL,0.00,2,1,NULL,'2021-05-28 07:11:32','2021-05-28 07:11:32','unverified'),
(16,'2021-05-29 07:12:50','as',NULL,NULL,10000.00,NULL,10000.00,2,3,NULL,'2021-05-28 07:12:50','2021-05-28 07:12:50','unverified'),
(17,'2021-05-29 07:14:38','asa',NULL,NULL,18000.00,NULL,18000.00,2,2,NULL,'2021-05-28 07:14:38','2021-05-28 07:14:38','unverified'),
(18,'2021-05-29 07:14:52','asa',NULL,NULL,0.00,NULL,0.00,2,2,'7da7fe5a4d9bcf32de39700b14e551ac1.jpg','2021-05-28 07:14:52','2021-05-28 07:31:04','unverified'),
(19,'2021-05-29 07:48:10','a',NULL,NULL,45000.00,NULL,45000.00,2,2,'da01911eccaff997f71179e1627e8cc91.jpg','2021-05-28 07:48:10','2021-05-28 07:48:22','unverified'),
(20,'2021-05-29 08:38:41','as',NULL,NULL,10000.00,NULL,10000.00,2,2,'a79e8b26c3d219ba7a618e4575b48c721.jpg','2021-05-28 08:38:41','2021-05-28 08:38:48','unverified'),
(21,'2021-05-29 09:24:24','sdad','Badung','Bali',19000.00,9000.00,10000.00,2,1,'cf1aa721b7e358de24fa7c1f0fc8a0081.jpg','2021-05-28 09:24:24','2021-05-28 09:24:33','unverified'),
(22,'2021-05-29 09:26:49','sdad','Badung','Bali',18000.00,8000.00,10000.00,2,2,NULL,'2021-05-28 09:26:49','2021-05-28 09:26:49','unverified'),
(23,'2021-05-29 09:27:36','sdad','Badung','Bali',18000.00,8000.00,10000.00,2,2,NULL,'2021-05-28 09:27:36','2021-05-28 09:27:36','unverified'),
(24,'2021-05-29 09:33:53','sdad','Badung','Bali',18000.00,8000.00,10000.00,2,2,NULL,'2021-05-28 09:33:53','2021-05-28 09:33:53','unverified'),
(25,'2021-05-29 09:36:06','sdad','Badung','Bali',18000.00,8000.00,10000.00,2,2,NULL,'2021-05-28 09:36:06','2021-05-28 09:36:06','unverified'),
(26,'2021-05-29 09:37:36','sdad','Badung','Bali',19000.00,9000.00,10000.00,2,1,NULL,'2021-05-28 09:37:36','2021-05-28 09:37:36','unverified'),
(27,'2021-05-29 09:40:33','sdad','Badung','Bali',19000.00,9000.00,10000.00,2,1,NULL,'2021-05-28 09:40:33','2021-05-28 09:40:33','unverified'),
(28,'2021-05-29 09:40:54','sdad','Badung','Bali',19000.00,9000.00,10000.00,2,1,NULL,'2021-05-28 09:40:54','2021-05-28 09:40:54','unverified'),
(29,'2021-05-29 09:43:57','sdad','Badung','Bali',19000.00,9000.00,10000.00,2,1,NULL,'2021-05-28 09:43:57','2021-05-28 09:43:57','unverified'),
(30,'2021-05-29 09:46:01','sdad','Badung','Bali',26000.00,8000.00,18000.00,2,2,'dc0678bb44a7410c70a8406f60286b911.jpg','2021-05-28 09:46:01','2021-05-28 09:47:10','unverified'),
(31,'2021-05-29 10:03:55','sdad','Badung','Bali',19000.00,9000.00,10000.00,2,1,'0520645ab9dd96d29125f5fb1f79553f1.jpg','2021-05-28 10:03:55','2021-05-28 10:04:01','unverified'),
(32,'2021-05-29 10:14:46','sdad','Badung','Bali',19000.00,9000.00,10000.00,2,1,'0fcf50ca16025fb112a57e1b370e20b31.jpg','2021-05-28 10:14:46','2021-05-28 10:14:51','unverified'),
(33,'2021-05-29 11:00:27','sdad','Badung','Bali',38000.00,18000.00,20000.00,2,1,'0548851cc9c4d0d7027c7617badb53271.jpg','2021-05-28 11:00:27','2021-05-28 11:00:34','unverified'),
(34,'2021-05-29 11:06:32','sdad','Badung','Bali',19000.00,9000.00,10000.00,2,1,'1c0bdf9b8688a6387a88753cefb69e4f1.jpg','2021-05-28 11:06:32','2021-05-28 11:06:37','unverified'),
(35,'2021-05-29 19:12:05','sdad','Badung','Bali',19000.00,9000.00,10000.00,2,1,NULL,'2021-05-28 19:12:05','2021-05-28 19:14:14','canceled'),
(36,'2021-05-29 19:28:01','sdad','Badung','Bali',19000.00,9000.00,10000.00,2,1,NULL,'2021-05-28 19:28:01','2021-05-28 19:28:05','canceled');

/*Table structure for table `user_notifications` */

DROP TABLE IF EXISTS `user_notifications`;

CREATE TABLE `user_notifications` (
  `id` int(36) NOT NULL AUTO_INCREMENT,
  `type` varchar(191) COLLATE utf8mb4_unicode_ci NOT NULL,
  `notifiable_type` varchar(191) COLLATE utf8mb4_unicode_ci NOT NULL,
  `notifiable_id` int(11) unsigned NOT NULL,
  `data` text COLLATE utf8mb4_unicode_ci NOT NULL,
  `read_at` timestamp NULL DEFAULT NULL,
  `created_at` timestamp NULL DEFAULT NULL,
  `updated_at` timestamp NULL DEFAULT NULL,
  PRIMARY KEY (`id`),
  KEY `user_notifications_notifiable_type_notifiable_id_index` (`notifiable_type`,`notifiable_id`),
  KEY `notifiable_id` (`notifiable_id`),
  CONSTRAINT `user_notifications_ibfk_1` FOREIGN KEY (`notifiable_id`) REFERENCES `users` (`id`)
) ENGINE=InnoDB AUTO_INCREMENT=19 DEFAULT CHARSET=utf8mb4 COLLATE=utf8mb4_unicode_ci;

/*Data for the table `user_notifications` */

insert  into `user_notifications`(`id`,`type`,`notifiable_type`,`notifiable_id`,`data`,`read_at`,`created_at`,`updated_at`) values 
(1,'App\\Notifications\\AdminNotification','App\\User',2,'{\"nama\":\"Bagas Gustama\",\"massage\":\"Transaksi anda sedang diproses\",\"id\":15}',NULL,'2021-05-28 07:11:32','2021-05-28 07:11:32'),
(2,'App\\Notifications\\AdminNotification','App\\User',2,'{\"nama\":\"Bagas Gustama\",\"massage\":\"Transaksi anda sedang diproses\",\"id\":16}',NULL,'2021-05-28 07:12:50','2021-05-28 07:12:50'),
(3,'App\\Notifications\\AdminNotification','App\\User',2,'{\"nama\":\"Bagas Gustama\",\"massage\":\"Transaksi anda sedang diproses\",\"id\":18}',NULL,'2021-05-28 07:14:52','2021-05-28 07:14:52'),
(4,'App\\Notifications\\AdminNotification','App\\User',2,'{\"nama\":\"Bagas Gustama\",\"massage\":\"Transaksi anda sedang diproses\",\"id\":19}',NULL,'2021-05-28 07:48:11','2021-05-28 07:48:11'),
(5,'App\\Notifications\\AdminNotification','App\\User',2,'{\"nama\":\"Bagas Gustama\",\"massage\":\"Transaksi anda sedang diproses\",\"id\":20}',NULL,'2021-05-28 08:38:41','2021-05-28 08:38:41'),
(6,'App\\Notifications\\AdminNotification','App\\User',2,'{\"nama\":\"Bagas Gustama\",\"massage\":\"Transaksi anda sedang diproses\",\"id\":21}',NULL,'2021-05-28 09:24:24','2021-05-28 09:24:24'),
(7,'App\\Notifications\\AdminNotification','App\\User',2,'{\"nama\":\"Bagas Gustama\",\"massage\":\"Transaksi anda sedang diproses\",\"id\":29}',NULL,'2021-05-28 09:43:57','2021-05-28 09:43:57'),
(8,'App\\Notifications\\AdminNotification','App\\User',2,'{\"nama\":\"Bagas Gustama\",\"massage\":\"Transaksi anda sedang diproses\",\"id\":30}',NULL,'2021-05-28 09:46:01','2021-05-28 09:46:01'),
(9,'App\\Notifications\\AdminNotification','App\\User',2,'{\"nama\":\"Bagas Gustama\",\"massage\":\"Transaksi anda sedang diproses\",\"id\":31}',NULL,'2021-05-28 10:03:55','2021-05-28 10:03:55'),
(10,'App\\Notifications\\AdminNotification','App\\User',2,'{\"nama\":\"Bagas Gustama\",\"massage\":\"Transaksi anda sedang diproses\",\"id\":32}',NULL,'2021-05-28 10:14:46','2021-05-28 10:14:46'),
(11,'App\\Notifications\\AdminNotification','App\\User',2,'{\"nama\":\"Bagas Gustama\",\"massage\":\"Transaksi anda sedang diproses\",\"id\":33}',NULL,'2021-05-28 11:00:27','2021-05-28 11:00:27'),
(12,'App\\Notifications\\AdminNotification','App\\User',2,'{\"nama\":\"Bagas Gustama\",\"massage\":\"Transaksi anda sedang diproses\",\"id\":34}',NULL,'2021-05-28 11:06:32','2021-05-28 11:06:32'),
(13,'App\\Notifications\\AdminNotification','App\\User',2,'{\"nama\":\"Bagas Gustama\",\"massage\":\"Transaksi anda sedang diproses\",\"id\":35}',NULL,'2021-05-28 19:12:05','2021-05-28 19:12:05'),
(14,'App\\Notifications\\AdminNotification','App\\User',2,'{\"nama\":\"Bagas Gustama\",\"massage\":\"pembatalan transaksi anda berhasil\",\"id\":35}',NULL,'2021-05-28 19:14:14','2021-05-28 19:14:14'),
(15,'App\\Notifications\\AdminNotification','App\\User',2,'{\"nama\":\"Bagas Gustama\",\"massage\":\"pembatalan transaksi anda berhasil\",\"id\":35}',NULL,'2021-05-28 19:14:42','2021-05-28 19:14:42'),
(16,'App\\Notifications\\AdminNotification','App\\User',2,'{\"nama\":\"Bagas Gustama\",\"massage\":\"pembatalan transaksi anda berhasil\",\"id\":35}',NULL,'2021-05-28 19:15:30','2021-05-28 19:15:30'),
(17,'App\\Notifications\\AdminNotification','App\\User',2,'{\"nama\":\"Bagas Gustama\",\"massage\":\"Transaksi anda sedang diproses\",\"id\":36}',NULL,'2021-05-28 19:28:01','2021-05-28 19:28:01'),
(18,'App\\Notifications\\AdminNotification','App\\User',2,'{\"nama\":\"Bagas Gustama\",\"massage\":\"pembatalan transaksi anda berhasil\",\"id\":36}',NULL,'2021-05-28 19:28:05','2021-05-28 19:28:05');

/*Table structure for table `users` */

DROP TABLE IF EXISTS `users`;

CREATE TABLE `users` (
  `id` int(10) unsigned NOT NULL AUTO_INCREMENT,
  `name` varchar(191) COLLATE utf8mb4_unicode_ci NOT NULL,
  `email` varchar(191) COLLATE utf8mb4_unicode_ci NOT NULL,
  `profile_image` varchar(191) COLLATE utf8mb4_unicode_ci DEFAULT 'null',
  `status` varchar(191) COLLATE utf8mb4_unicode_ci DEFAULT 'null',
  `email_verified_at` timestamp NULL DEFAULT NULL,
  `password` varchar(191) COLLATE utf8mb4_unicode_ci NOT NULL,
  `remember_token` varchar(100) COLLATE utf8mb4_unicode_ci DEFAULT NULL,
  `created_at` timestamp NULL DEFAULT NULL,
  `updated_at` timestamp NULL DEFAULT NULL,
  PRIMARY KEY (`id`),
  UNIQUE KEY `users_email_unique` (`email`)
) ENGINE=InnoDB AUTO_INCREMENT=4 DEFAULT CHARSET=utf8mb4 COLLATE=utf8mb4_unicode_ci;

/*Data for the table `users` */

insert  into `users`(`id`,`name`,`email`,`profile_image`,`status`,`email_verified_at`,`password`,`remember_token`,`created_at`,`updated_at`) values 
(1,'Bagas Gustama','bagasgustama28@gmail.com','null','null','2021-05-26 19:04:52','$2y$10$9uVYSqiAXtJWiXzVLrVu3Ogh2YqtjsAk3wpV/sWT7o/TLMyB22bGO',NULL,'2021-05-24 18:39:26','2021-05-26 19:04:52'),
(2,'Bagas Gustama','bagasgustama35@gmail.com','null','null','2021-05-25 06:11:57','$2y$10$ubEx6r.c4Uze3dllsz.UjO5.M3Ka4BfLHa1TiuXwi.uCnhrbmt3/C','Ij084k0DEQDzwF519mSr8G5vDNlrZZxDxXW5CEJHbtBW58yptyq1xYZ211oW','2021-05-25 06:05:41','2021-05-25 06:29:39'),
(3,'Bagas Tama','bagas@gmail.com','null','null','2021-05-25 06:32:53','$2y$10$i/ScI3kwBerEwW.ZIBUwdOd3j6Rx/iLcJyllQIrO3P22Jtye05cBa',NULL,'2021-05-25 06:32:37','2021-05-25 06:32:53');

/*!40101 SET SQL_MODE=@OLD_SQL_MODE */;
/*!40014 SET FOREIGN_KEY_CHECKS=@OLD_FOREIGN_KEY_CHECKS */;
/*!40014 SET UNIQUE_CHECKS=@OLD_UNIQUE_CHECKS */;
/*!40111 SET SQL_NOTES=@OLD_SQL_NOTES */;
